id,hip,hd,hr,gl,bf,proper,ra,dec,dist,pmra,pmdec,rv,mag,absmag,spect,ci,x,y,z,vx,vy,vz,rarad,decrad,pmrarad,pmdecrad,bayer,flam,con,comp,comp_primary,base,lum,var,var_min,var_max
0,,,,,,Sol,0,0,0,0,0,0,-26.7,4.85,G2V,0.656,0.000005,0,0,0,0,0,0,0,0,0,,,,1,0,,1,,,
70666,70890,,,Gl 551,,Proxima Centauri,14.495985,-62.679485,1.2959,-3775.64,768.16,-16,11.01,15.447,M5Ve,1.807,-0.472264,-0.361451,-1.151219,-0.00001186,0.00002079,0.00001675,3.795039917,-1.093963385,-1.83E-05,3.72E-06,,,Cen,1,70666,,5.77E-05,V645,11.079,10.939
71453,71681,128621,5460,Gl 559B,Alp2Cen,,14.660346,-60.8383,1.3248,-3678.19,481.84,-26.2,1.35,5.739,K1V,0.9,-0.495181,-0.413973,-1.156674,-0.00000722,0.00002476,0.00002491,3.838069571,-1.061828649,-1.78E-05,2.34E-06,Alp-2,,Cen,2,71456,Gl 559,0.440960816,,,
71456,71683,128620,5459,Gl 559A,Alp1Cen,Rigil Kentaurus,14.660765,-60.833976,1.3248,-3678.19,481.84,-26.2,-0.01,4.379,G2V,0.71,-0.495203,-0.414084,-1.156625,-0.00000722,0.00002476,0.00002491,3.838179212,-1.061753176,-1.78E-05,2.34E-06,Alp-1,,Cen,1,71456,Gl 559,1.543121066,,0.113,-0.087
87665,87937,,,Gl 699,,Barnard's Star,17.963472,4.693388,1.8238,-797.84,9999.99,-111,9.54,13.235,sdM4,1.57,-0.017373,-1.816613,0.149123,-0.00000591,0.0001204,0.00007888,4.702826032,0.081915079,-3.87E-06,5.01E-05,,,Oph,1,87665,,0.000442588,V2500,9.59,9.49
118720,,,,Gl 406,,,10.941484,7.01532,2.3906,-3822.95,-2716.83,13,13.45,16.557,M6,2,-2.282811,0.649334,0.292057,-0.00000433,0.00004728,-0.00002961,2.864473687,0.122440437,-1.85E-05,-1.32E-05,,,,1,118720,,2.08E-05,,,
53879,54035,95735,,Gl 411,,Lalande 21185,11.055632,35.969877,2.5469,-580.2,-4767.09,-84.3,7.49,10.46,M2V,1.502,-1.998,0.504305,1.495504,0.00003587,-0.00000166,-0.00009828,2.894357577,0.627792793,-2.81E-06,-2.31E-05,,,UMa,1,53879,,0.005701643,,,
118079,,,,Gl 65A,,,1.650199,-17.949782,2.6267,3312.95,560.34,29,12.57,15.473,dM5.5e,1.85,2.270499,1.04697,-0.809963,0.00001,0.00005104,-0.00000236,0.432021069,-0.313282798,1.61E-05,2.72E-06,,,,1,118079,Gl  65,5.63E-05,,,
118080,,,,Gl 65B,,,1.650199,-17.949782,2.6267,3312.95,560.34,32,12.7,15.603,dM5.5e,,2.270631,1.047031,-0.81001,0.00001265,0.00005226,-0.0000033,0.432021069,-0.313282798,1.61E-05,2.72E-06,,,,2,118079,Gl  65,5.00E-05,,,
32263,32349,48915,2491,Gl 244A,9Alp CMa,Sirius,6.752481,-16.716116,2.6371,-546.01,-1223.08,-9.4,-1.44,1.454,A0m...,0.009,-0.494323,2.476731,-0.758485,0.00000953,-0.00001207,-0.00001221,1.76779537,-0.291751259,-2.65E-06,-5.93E-06,Alp,9,CMa,1,32263,Gl 244,22.82443312,,-1.333,-1.523
118441,,,,Gl 244B,,,6.752559,-16.71524,2.6371,-543.2,-1203.05,0,8.44,11.334,DA2,-0.03,-0.494379,2.476814,-0.75847,0.00000768,-0.00000297,-0.00001473,1.767815846,-0.291735967,-2.63E-06,-5.83E-06,,,CMa,2,32263,Gl 244,0.002549177,,,
92115,92403,,,Gl 729,,,18.830369,-23.836232,2.9698,637.55,-192.47,-12.1,10.37,13.006,M3.5Ve,1.51,0.585883,-2.652454,-1.200123,0.00000628,0.00001413,0.00000247,4.92977903,-0.416020736,3.09E-06,-9.33E-07,,,Sgr,1,92115,,0.000546512,V1216,10.408,10.338
119585,,,,Gl 905,,,23.698379,44.174924,3.1686,84.26,-1607.79,-77.7,12.29,14.786,dM6  e,1.9,2.262649,-0.179022,2.205274,-0.00003953,0.00000443,-0.0000731,6.204221151,0.770997876,4.09E-07,-7.79E-06,,,,1,119585,,0.000106072,,,
16496,16537,22049,1084,Gl 144,18Eps Eri,,3.548848,-9.458262,3.2161,-976.44,17.97,16.9,3.72,6.183,K2V,0.881,1.89897,2.541426,-0.528523,0.00002243,0.00000458,-0.00000256,0.929086175,-0.165077816,-4.73E-06,8.71E-08,Eps,18,Eri,1,16496,,0.292954383,Eps,3.735,3.715
113687,114046,217987,,Gl 887,,Lacaille 9352,23.097531,-35.853073,3.2759,6767.26,1326.66,9.5,7.35,9.773,M2/M3V,1.483,2.581532,-0.621353,-1.918773,0.00004484,0.00009974,0.00001138,6.046919538,-0.625754162,3.28E-05,6.43E-06,,,PsA,1,113687,,0.010734949,,,
57375,57548,,,Gl 447,,,11.795666,0.804563,3.3553,605.62,-1219.23,-31.1,11.12,13.491,M4.5V,1.746,-3.349892,0.179372,0.047111,0.00003095,-0.00001152,-0.00002028,3.088098042,0.014042269,2.94E-06,-5.91E-06,,,Vir,1,57375,,0.000349623,,11.171,11.041
119518,,,,Gl 866A,,,22.642562,-15.302542,3.3979,2361.37,2233.03,-60,12.66,15.004,M5  e,1.98,3.069893,-1.139264,-0.895949,-0.0000328,0.00005369,0.0000517,5.927808781,-0.267079749,1.14E-05,1.08E-05,,,,1,119518,Gl 866,8.68E-05,,,
91487,91772,173740,,Gl 725B,,,18.713249,59.626847,3.4545,-1393.2,1845.73,1.2,9.7,12.008,K5,1.561,0.324167,-1.716358,2.980381,-0.00002776,0.00002126,0.00001669,4.899117171,1.040684797,-6.75E-06,8.95E-06,,,Dra,2,91484,Gl 725,0.001370251,,,
103879,104214,201091,8085,Gl 820A,61    Cyg,,21.114794,38.749415,3.4865,4155.1,3258.9,-64.8,5.2,7.488,K5V,1.069,1.979356,-1.863636,2.181892,-0.00001456,0.0001102,0.00000149,5.527840164,0.67630488,2.01E-05,1.58E-05,,61,Cyg,1,103879,Gl 820,0.088064323,V1803,5.682,5.002
118493,,,,Gl 280B,,,7.655006,5.226824,3.4974,-702.34,-1021.92,0,10.7,12.981,DA,,-1.462274,3.161021,0.31861,0.00001014,0.00000644,-0.00001725,2.00407593,0.091225282,-3.41E-06,-4.95E-06,,,CMi,2,37173,Gl 280,0.000559242,,,
103883,104217,201092,8086,Gl 820B,61    Cyg,,21.115163,38.742055,3.498,4107.4,3143.72,-64.3,6.05,8.331,K7V,1.309,1.986273,-1.869789,2.188742,-0.00001387,0.00010874,0.00000044,5.527936855,0.676176415,1.99E-05,1.52E-05,,61,Cyg,2,103879,Gl 820,0.040513522,,,
37173,37279,61421,2943,Gl 280A,10Alp CMi,Procyon,7.655033,5.224993,3.5142,-716.57,-1034.58,-4,0.4,2.671,F5IV-V,0.432,-1.469312,3.17617,0.320024,0.00001212,0.00000289,-0.00001792,2.004083041,0.091193332,-3.47E-06,-5.02E-06,Alp,10,CMi,1,37173,Gl 280,7.440463662,,,
117979,,,,Gl 15B,,,0.30516,44.023502,3.568,2880.25,415.05,11.3,11.06,13.298,M6 Ve,1.79,2.557764,0.20548,2.479994,-0.00000063,0.00004993,0.00001319,0.079890711,0.768355054,1.40E-05,2.01E-06,,,And,2,1472,Gl  15,0.000417638,,,
91484,91768,173739,,Gl 725A,,,18.713179,59.630396,3.5691,-1326.88,1802.12,-0.8,8.94,11.177,K5,1.504,0.334856,-1.773105,3.079349,-0.00002763,0.00002258,0.00001506,4.899098725,1.040746744,-6.43E-06,8.74E-06,,,Dra,1,91484,Gl 725,0.002945778,,9.149,8.809
1472,1475,1326,,Gl 15A,,,0.306174,44.022954,3.5873,2888.92,410.58,12,8.09,10.316,M1V,1.56,2.571275,0.20667,2.493057,-0.00000017,0.00005039,0.00001366,0.080156205,0.76834549,1.40E-05,1.99E-06,,,And,1,1472,Gl  15,0.006510285,GX,8.125,8.065
108526,108870,209100,8387,Gl 845,Eps Ind,,22.055486,-56.785977,3.6224,3959.97,-2538.84,-40.4,4.69,6.895,K5V,1.056,1.732589,-0.966715,-3.030307,-0.00001843,0.00008993,0.00001014,5.774112724,-0.991102263,1.92E-05,-1.23E-05,Eps,,Ind,1,108526,,0.152054753,,,
118541,,,,GJ 1111,,,8.497244,26.778532,3.6258,-1141.11,-601.64,-5,14.81,17.013,M6.5,2.06,-1.968452,2.569351,1.633464,0.0000158,0.00001236,-0.00001174,2.22457321,0.467373555,-5.53E-06,-2.92E-06,,,,1,118541,,1.36E-05,,,
8087,8102,10700,509,Gl 71,52Tau Cet,,1.734479,-15.93748,3.6502,-1721.82,854.07,-17,3.49,5.678,G8V,0.727,3.154083,1.539508,-1.00226,0.00000207,-0.00003289,0.00001931,0.45408544,-0.278161501,-8.35E-06,4.14E-06,Tau,52,Cet,1,8087,,0.466444525,,,
5632,5643,,,Gl 54.1,,,1.208502,-16.998967,3.6899,1210.09,646.95,28,12.1,14.265,M5.5Ve,1.85,3.353772,1.097975,-1.078832,0.00002251,0.00003014,0.00000269,0.316385148,-0.296687946,5.87E-06,3.14E-06,,,Cet,1,5632,,0.000171396,YZ,12.201,12.001
36107,36208,,,Gl 273,,Luyten's Star,7.456805,5.225785,3.8026,571.27,-3694.25,18.2,9.84,11.94,M5,1.573,-1.409549,3.514856,0.346358,-0.00001899,0.00001905,-0.00006612,1.952186962,0.091207157,2.77E-06,-1.79E-05,,,CMi,1,36107,,0.001458814,,,
24129,24186,33793,,Gl 191,,Kapteyn's Star,5.194169,-45.018417,3.9114,6506.05,-5731.39,245.5,8.86,10.898,M0V,1.543,0.578997,2.705174,-2.76822,-0.00009951,0.0001243,-0.00025439,1.359830239,-0.785719603,3.15E-05,-2.78E-05,,,Pic,1,24129,,0.003808904,VZ,9.148,8.828
104751,105090,202560,,Gl 825,,Lacaille 8760,21.287725,-38.867362,3.9462,-3259,-1146.99,28.2,6.69,8.709,M1/M2V,1.397,2.330004,-2.003156,-2.476477,-0.00003405,-0.00005295,-0.00003518,5.573113374,-0.678363443,-1.58E-05,-5.56E-06,,,Mic,1,104751,,0.028602237,AX,6.707,6.667
110547,110893,239960,,Gl 860A,,Kruger 60,22.466642,57.695875,4.001,-870.23,-471.1,-33.3,9.59,11.579,M2V,1.613,1.968033,-0.83547,3.381486,-0.00001624,-0.00001144,-0.00003367,5.881753023,1.006982982,-4.22E-06,-2.28E-06,,,Cep,1,110547,Gl 860,0.00203423,DO,9.628,9.548
119505,,,,Gl 860B,,,22.467267,57.696623,4.0077,-854.68,-391.3,-31.7,11.3,13.286,M6 V,1.8,1.97065,-0.836546,3.386059,-0.00001651,-0.00001103,-0.00003147,5.881916687,1.006996042,-4.14E-06,-1.90E-06,,,Cep,2,110547,Gl 860,0.00042228,,,
72284,72511,,,Gl 563.2B,,,14.825751,-26.105704,4.034,-1389.7,135.76,44,11.72,13.691,M,1.48,-2.675893,-2.442217,-1.775248,-0.00004903,-0.00000796,-0.00001742,3.881372459,-0.455630483,-6.74E-06,6.58E-07,,,Hya,2,72283,Gl 563.2,0.000290804,,11.84,11.53
118428,,,,Gl 234B,,,6.489939,-2.812227,4.1171,702.48,-697.59,0,14.6,16.527,,,-0.526003,4.078362,-0.201997,-0.00001382,-0.00000247,-0.00001391,1.699062118,-0.049082624,3.41E-06,-3.38E-06,,,,2,30847,Gl 234,2.13E-05,,,
30847,30920,,,Gl 234A,,,6.489833,-2.813979,4.1268,694.73,-618.62,16.7,11.12,13.042,M4.5Ve,1.69,-0.527146,4.088126,-0.202607,-0.00001589,0.00001454,-0.0000132,1.699034417,-0.049113198,3.37E-06,-3.00E-06,,,Mon,1,30847,Gl 234,0.000528689,V577,11.176,11.066
3820,3829,,,Gl 35,,Van Maanen's Star,0.819416,5.38861,4.2626,1233.05,-2710.56,54,12.37,14.222,DG,0.554,4.146957,0.903519,0.400348,0.00005345,0.00003772,-0.00005057,0.214522514,0.094048979,5.98E-06,-1.31E-05,,,,1,3820,,0.00017832,,12.621,12.091
118236,,,,GJ 1061,,,3.599704,-44.511897,4.2918,727.33,-399.86,-20,13.03,14.867,M4.5,1.9,1.798507,2.475398,-3.00808,-0.00002425,-0.00000762,0.00000841,0.942400353,-0.776879156,3.53E-06,-1.94E-06,,,,1,118236,,9.84E-05,,,
80579,80824,,,Gl 628,,,16.505017,-12.662594,4.2922,-93.61,-1184.9,-13,10.1,11.937,M4,1.604,-1.597477,-3.871023,-0.940865,0.00000521,0.00001773,-0.00002114,4.321003265,-0.22100395,-4.54E-07,-5.74E-06,,,Oph,1,80579,,0.001462851,V2306,10.143,10.063
118830,,,,Gl 473A,,,12.554778,9.020714,4.3066,-1794.92,233.12,0,13.04,14.869,dM5.5eJ,1.83,-4.208555,-0.615564,0.675238,-0.00000468,0.00003719,0.00000481,3.286833112,0.157441165,-8.70E-06,1.13E-06,,,,1,118830,Gl 473,9.83E-05,,,
118831,,,,Gl 473B,,,12.554778,9.020714,4.3066,-1794.92,233.12,0,13.3,15.129,M7,,-4.208555,-0.615564,0.675238,-0.00000468,0.00003719,0.00000481,3.286833112,0.157441165,-8.70E-06,1.13E-06,,,,2,118830,Gl 473,7.73E-05,,,
442,439,225213,,Gl 1,,,0.089883,-37.357364,4.3399,5634.07,-2337.94,22.9,8.56,10.373,M2V,1.462,3.448844,0.081384,-2.633508,-0.00001398,0.00011824,-0.00005331,0.023531392,-0.652008993,2.73E-05,-1.13E-05,,,Scl,1,442,,0.006177319,,,
118583,,,,NN 3522,,,8.982236,8.475397,4.4643,322.61,-313.72,0,10.89,12.641,k,1.67,-3.107711,3.136747,0.657969,-0.00000566,-0.0000042,-0.00000672,2.351543863,0.147923578,1.56E-06,-1.52E-06,,,Cnc,1,118583,,0.000764892,,,
118100,,,,Gl 83.1,,,2.003563,13.05304,4.4683,1113.71,-1768.54,-31,12.28,14.029,dM8  e,1.8,3.76629,2.179192,1.008821,-0.00003131,0.00000976,-0.00004449,0.524531584,0.227818533,5.40E-06,-8.57E-06,,,,1,118100,,0.00021301,,,
118704,,,,NN 3618,,,10.742414,-61.193586,4.4883,-340.24,1614.54,0,13.92,15.66,m,1.82,-2.046475,0.699423,-3.932885,-0.00002674,0.00001696,0.00001692,2.812357364,-1.068029559,-1.65E-06,7.83E-06,,,,1,118704,,4.74E-05,,,
118707,,,,NN 3622,,,10.803471,-11.336727,4.5249,601.06,-1525.88,-7,15.6,17.322,M6.5,2.1,-4.220385,1.367034,-0.889411,0.00000886,-0.00001673,-0.00003142,2.82834211,-0.197863208,2.91E-06,-7.40E-06,,,,1,118707,,1.03E-05,,,
85899,86162,,,Gl 687,,,17.607283,68.339141,4.5282,-320.47,-1269.55,-23.2,9.15,10.87,M3.5Vvar,1.505,-0.171572,-1.662506,4.208248,-0.00000876,-0.00001633,-0.00003234,4.609575949,1.192743024,-1.55E-06,-6.15E-06,,,Dra,1,85899,,0.003908409,,,
85264,85523,,,Gl 674,,,17.47772,-46.89519,4.5405,573.32,-879.84,-10.2,9.38,11.094,K5,1.553,-0.422874,-3.073668,-3.314975,0.0000154,0.00001935,-0.00000562,4.57565634,-0.818475472,2.78E-06,-4.27E-06,,,Ara,1,85264,,0.003179801,,,
57194,57367,,,Gl 440,,,11.761338,-64.841517,4.6081,2665.17,-346.83,0,11.5,13.182,DC:,0.196,-1.955207,0.122023,-4.170954,0.00000327,-0.00005986,-0.00000329,3.079111183,-1.131697965,1.29E-05,-1.68E-06,,,Mus,1,57194,,0.000464729,,11.575,11.405
72283,72509,,,Gl 563.2A,,,14.825516,-26.111672,4.6583,-1421.6,-203.6,22,12.07,13.729,M,1.524,-3.089858,-2.819683,-2.050308,-0.00003507,0.00001146,-0.00001403,3.881310887,-0.455734657,-6.89E-06,-9.87E-07,,,,1,72283,Gl 563.2,0.000280802,,,
112660,113020,,,Gl 876,,,22.887977,-14.263701,4.6887,960.33,-675.64,-1.5,10.16,11.805,M5,1.597,4.352933,-1.304309,-1.155222,0.00000122,0.00002242,-0.00001451,5.992058277,-0.248948538,4.66E-06,-3.28E-06,,,Aqr,1,112660,,0.001651962,IL,10.202,10.102
117960,,,,GJ 1002,,,0.112155,-7.539302,4.6992,-816.71,-1869.38,-42,13.75,15.39,M5-5.5,1.98,4.65444,0.136696,-0.616283,-0.00004758,-0.00002002,-0.0000366,0.029362213,-0.131585649,-3.96E-06,-9.06E-06,,,,1,117960,,6.08E-05,,,
119312,,,,GJ 1245A,,,19.898222,44.414534,4.717,438.31,-583.77,0,13.41,15.042,M5.5 V e,1.9,1.606452,-2.961705,3.301167,0.00001326,-0.00000344,-0.00000953,5.209342226,0.775179849,2.12E-06,-2.83E-06,,,,1,119312,GJ 1245,8.38E-05,,,
119313,,,,GJ 1245B,,,19.8985,44.414552,4.717,438.31,-583.77,0,14.01,15.642,m,1.98,1.606668,-2.961587,3.301168,0.00001326,-0.00000344,-0.00000953,5.209415108,0.775180161,2.12E-06,-2.83E-06,,,,2,119312,GJ 1245,4.82E-05,,,
118727,,,,Gl 412B,,,11.093507,43.521487,4.8323,-4432.65,934.1,0,14.4,15.979,M6  e,2.09,-3.405436,0.825166,3.32765,0.00003895,0.00009743,0.00001587,2.904273264,0.759593249,-2.15E-05,4.53E-06,,,,2,54052,Gl 412,3.54E-05,,,
54052,54211,,,Gl 412A,,,11.091542,43.526777,4.848,-4410.79,943.32,68.8,8.82,10.392,M2Vvar,1.491,-3.416483,0.828486,3.33921,-0.00001034,0.00010916,0.00006453,2.903759032,0.759685575,-2.14E-05,4.57E-06,,,UMa,1,54052,Gl 412,0.006070158,WX,8.858,8.788
49767,49908,88230,,Gl 380,,,10.189602,49.454237,4.8731,-1361.55,-505,-25.4,6.6,8.161,K8V,1.326,-2.818415,1.445842,3.702832,0.00002164,0.00002505,-0.00002749,2.667631674,0.86313926,-6.60E-06,-2.45E-06,,,UMa,1,49767,,0.047380539,,,
118676,,,,Gl 388,,,10.326843,19.870262,4.9044,-497.26,-52.26,12.3,9.4,10.947,M4.5Ve,1.54,-4.17747,1.956673,1.667178,-0.00000608,0.0000159,0.00000311,2.703561278,0.346801489,-2.41E-06,-2.53E-07,,,Leo,1,118676,,0.003640827,,,
106098,106440,204961,,Gl 832,,,21.559441,-49.009006,4.9537,-46.18,-818.01,4.1,8.66,10.185,M1V,1.521,2.608354,-1.937731,-3.739143,-0.00001036,0.00000631,-0.00001605,5.644248573,-0.85536852,-2.24E-07,-3.97E-06,,,Gru,1,106098,,0.007345139,,,
19799,19849,26965,1325,Gl 166A,40Omi2Eri,,4.254537,-7.652871,4.9845,-2239.33,-3419.86,-42.7,4.43,5.942,K1V,0.82,2.179524,4.432894,-0.66374,0.00002462,-0.00007258,-0.00007609,1.113835082,-0.133567789,-1.09E-05,-1.66E-05,Omi-2,40,Eri,1,19799,Gl 166,0.365763193,,,
1240,1242,,,GJ 1005A,,,0.257803,-16.133807,4.9868,728.18,-617.48,-29,11.49,13.001,M:,1.75,4.779241,0.32306,-1.385667,-0.00003375,0.00001536,-0.0000061,0.067492759,-0.281588059,3.53E-06,-2.99E-06,,,Cet,1,1240,GJ 1005,0.000549035,,11.558,11.378
118281,,26976,,Gl 166B,,,4.256188,-7.657504,5.0444,-2180.82,-3436.41,-21,9.52,11.006,DA4,0.03,2.203473,4.486451,-0.67203,0.00003361,-0.00005259,-0.00008045,1.114267348,-0.133648659,-1.06E-05,-1.67E-05,,,Eri,2,19799,Gl 166,0.00344826,,,
118282,,,,Gl 166C,,,4.256188,-7.657504,5.0444,-2180.82,-3436.41,-45.9,11.17,12.656,dM4.5e,1.67,2.202917,4.485319,-0.671861,0.00002249,-0.00007525,-0.00007708,1.114267348,-0.133648659,-1.06E-05,-1.67E-05,,,Eri,3,19799,Gl 166,0.000754397,,,
85951,86214,,,Gl 682,,,17.617729,-44.319215,5.0787,-710.11,-937.99,-60,10.94,12.411,M5,1.655,-0.363042,-3.615031,-3.547885,-0.0000114,0.00006148,0.00002635,4.612310785,-0.773516227,-3.44E-06,-4.55E-06,,,Sco,1,85951,,0.000945366,,11.004,10.884
88327,88601,165341,6752,Gl 702A,70    Oph,,18.090913,2.500099,5.0834,124.56,-962.66,-6.9,4.03,5.499,K0V SB,0.86,0.120862,-5.077062,0.221741,0.00000293,0.00000609,-0.00002401,4.736189846,0.043634967,6.04E-07,-4.67E-06,,70,Oph,1,88327,Gl 702,0.550047253,V2391,4.05,4.02
119198,,,,Gl 702B,,,18.09099,2.498264,5.086,252.27,-1101.48,-10,6,7.468,K5 Ve,1.15,0.121015,-5.079214,0.221672,0.000006,0.00000917,-0.00002758,4.736209987,0.043602941,1.22E-06,-5.34E-06,,,Oph,2,88327,Gl 702,0.089701561,,,
112106,112460,,,Gl 873,,,22.780527,44.333991,5.1224,-704.66,-459.39,-0.5,10.29,11.743,M4.5Ve,1.54,3.478781,-1.15001,3.579733,0.00000173,-0.000019,-0.00000852,5.963927917,0.773774115,-3.42E-06,-2.23E-06,,,Lac,1,112106,,0.001749041,EV,10.386,10.206
97338,97649,187642,7557,Gl 768,53Alp Aql,Altair,19.846388,8.868322,5.1295,536.82,385.54,-26.1,0.76,2.21,A7IV-V,0.221,2.355468,-4.4873,0.790749,-0.00000112,0.00003087,0.00000536,5.195772106,0.154781417,2.60E-06,1.87E-06,Alp,53,Aql,1,97338,,11.37627286,Alp,0.803,0.753
118578,,,,GJ 1116A,,,8.970901,19.763287,5.2274,-869.3,-34.91,-34,14.06,15.469,m,1.84,-3.450811,3.503886,1.766979,0.00003845,-0.00000764,-0.00001259,2.348576389,0.344934434,-4.21E-06,-1.69E-07,,,,1,118578,GJ 1116,5.65E-05,,,
118579,,,,GJ 1116B,,,8.970901,19.764954,5.2274,-869.3,-34.91,0,14.92,16.329,m,1.93,-3.451925,3.505014,1.76771,0.00001548,0.00001567,-0.00000083,2.348576504,0.344963523,-4.21E-06,-1.69E-07,,,,2,118578,GJ 1116,2.56E-05,,,
57371,57544,,,Gl 445,,,11.794333,78.69116,5.3516,743.21,480.4,-112.2,10.8,12.158,M4,1.572,-1.047725,0.056332,5.246711,0.00003364,-0.00002112,-0.00011008,3.087749196,1.373419839,3.60E-06,2.33E-06,,,Cam,1,57371,,0.001193438,,10.866,10.736
118406,,,,NN 3379,,,6.000991,2.707087,5.3677,228.25,-74.16,0,11.33,12.681,M4,1.68,-0.001391,5.361709,0.253516,-0.00000594,0.00000009,-0.00000193,1.571055735,0.047247589,1.11E-06,-3.60E-07,,,Ori,1,118406,,0.000737225,,,
66943,67155,119850,,Gl 526,,,13.76215,14.89152,5.3911,1778.46,-1455.52,16.1,8.46,9.802,M3V,1.435,-4.665503,-2.319265,1.385494,-0.00000232,-0.00005306,-0.00003253,3.602922481,0.259906049,8.62E-06,-7.06E-06,,,Boo,1,66943,,0.010452014,,,
118311,,,,Gl 169.1B,,,4.518593,58.981451,5.5139,1371.91,-1944.8,0,12.44,13.733,DC5,0.31,1.073743,2.630708,4.725416,-0.00001708,0.00005513,-0.00002677,1.182964754,1.029420511,6.65E-06,-9.43E-06,,,,2,21036,Gl 169.1,0.000279769,,,
21036,21088,,,Gl 169.1A,,,4.519668,58.977072,5.5782,1300.21,-2048.99,17,10.82,12.088,,1.17,1.086377,2.661819,4.780431,-0.00001122,0.00006555,-0.00001365,1.183246298,1.029344093,6.30E-06,-9.93E-06,,,Cam,1,21036,Gl 169.1,0.001272917,,10.877,10.767
25813,25878,36395,,Gl 205,,,5.524277,-3.677229,5.6571,763.05,-2092.89,8.5,7.97,9.207,M1V,1.474,0.701301,5.601801,-0.362827,-0.00002014,0.00000756,-0.00005783,1.446252222,-0.064179753,3.70E-06,-1.01E-05,,,Ori,1,25813,,0.018080066,,,
119276,,,,Gl 754,,,19.346452,-45.55959,5.6915,646.35,-2868.07,16,12.23,13.454,M4.5,1.68,1.376254,-3.74042,-4.064196,0.00000121,0.00004838,-0.00006712,5.064889407,-0.795164843,3.13E-06,-1.39E-05,,,,1,119276,,0.000361743,,,
119112,,,,Gl 644B,,,16.924521,-8.3376,5.7395,-792.63,-874.15,0,9.9,11.106,,,-1.5779,-5.45522,-0.83226,-0.00002021,0.00000951,-0.00002407,4.430829241,-0.145518574,-3.84E-06,-4.24E-06,,,Oph,2,82565,Gl 644,0.00314485,,,
119113,,,,Gl 644C,,,16.926474,-8.395842,5.7395,-803.95,-877.36,20,16.78,17.986,M7,1.99,-1.575156,-5.456183,-0.83818,-0.00002611,-0.00000982,-0.00002713,4.43134049,-0.146535093,-3.90E-06,-4.25E-06,,,,3,82565,Gl 644,5.57E-06,,,
29222,29295,42581,,Gl 229,,,6.176284,-21.864643,5.7534,-137.01,-714.06,5.2,8.15,9.35,M1/M2V,1.487,-0.246337,5.333894,-2.142671,0.00000393,-0.0000023,-0.00002046,1.616947307,-0.38161001,-6.64E-07,-3.46E-06,,,Lep,1,29222,,0.015848932,,,
95799,96100,185144,7462,Gl 764,61Sig Dra,,19.539149,69.661175,5.7547,598.43,-1738.81,28.2,4.67,5.87,K0V,0.786,0.784452,-1.840016,5.396152,0.00003712,-0.00004452,0.00001019,5.115337176,1.215816871,2.90E-06,-8.43E-06,Sig,61,Dra,1,95799,,0.390840896,,,
118447,,,,Gl 251,,,6.913606,33.270718,5.7604,-752.58,-395.12,22.9,10.01,11.208,dM4,1.57,-1.141059,4.680085,3.160773,0.00001434,0.00002989,0.00000363,1.809977906,0.580683574,-3.65E-06,-1.92E-06,,,Gem,1,118447,,0.002862859,,,
45211,45343,79210,,Gl 338A,,,9.239826,52.686625,5.8113,-1533.58,-562.8,13.7,7.64,8.819,M0V,1.41,-2.642238,2.329858,4.62201,0.00001274,0.00004636,0.00000153,2.418980869,0.919555072,-7.44E-06,-2.73E-06,,,UMa,1,45211,Gl 338,0.025846396,,7.921,7.291
26792,26857,,,Gl 213,,,5.702566,12.489337,5.8292,1999.05,-1570.64,105.6,11.56,12.732,M5,1.675,0.44278,5.674935,1.260815,-0.00004736,0.00011909,-0.00001997,1.492928361,0.21798006,9.69E-06,-7.61E-06,,,Ori,1,26792,,0.000703396,V1352,11.635,11.475
86722,86990,,,Gl 693,,,17.776329,-57.319042,5.8316,-1119.87,-1352.52,-115,10.75,11.921,M5,1.66,-0.184376,-3.142875,-4.907535,-0.00002601,0.00009738,0.00007834,4.653832125,-1.000406014,-5.43E-06,-6.56E-06,,,Pav,1,86722,,0.001484568,,10.803,10.673
72957,73184,131977,5568,Gl 570A,,,14.957765,-21.415475,5.8404,1034.18,-1725.6,29.1,5.72,6.888,K4V,1.024,-3.887091,-3.802093,-2.13259,0.00001342,-0.00002784,-0.00005635,3.915933776,-0.37377055,5.01E-06,-8.37E-06,,,Lib,1,72957,Gl 570,0.153038253,KX,5.733,5.683
94466,94761,180617,,Gl 752A,,,19.282016,5.168904,5.8699,-578.86,-1331.7,36.3,9.12,10.277,M3.5V,1.464,1.925584,-5.520142,0.528861,-0.00000225,-0.00004356,-0.00003439,5.048020026,0.090214391,-2.81E-06,-6.46E-06,,,Aql,1,94466,Gl 752,0.006748387,V1428,9.154,9.084
119275,,,,Gl 752B,,,19.28281,5.148625,5.8734,-572.81,-1342.94,0,17.52,18.676,dM5  e,2.2,1.927832,-5.522905,0.527077,-0.00001426,-0.00000863,-0.00003808,5.04822775,0.08986046,-2.78E-06,-6.51E-06,,,,2,94466,Gl 752,2.95E-06,,,
118532,,,,Gl 300,,,8.211308,-21.551445,5.8824,30.53,-699.33,0,12.1,13.252,M4,1.6,-2.993375,4.579649,-2.16082,0.00000328,-0.00000661,-0.00001855,2.149715403,-0.376143676,1.48E-07,-3.39E-06,,,,1,118532,,0.000435712,,,
72955,73182,131976,,Gl 570B,,,14.957361,-21.41152,5.9252,987.05,-1666.81,27.9,8.01,9.146,K5V,1.519,-3.944034,-3.856974,-2.163168,0.00001332,-0.00002663,-0.00005499,3.91582799,-0.373701518,4.79E-06,-8.08E-06,,,Lib,2,72957,Gl 570,0.019124936,,,
75841,76074,,,Gl 588,,,15.536988,-41.275586,5.9291,-1177.47,-1028.86,15.4,9.31,10.445,M0,1.524,-2.678394,-3.561312,-3.911408,-0.00002244,0.00002647,-0.00003262,4.067574074,-0.720394881,-5.71E-06,-4.99E-06,,,Lup,1,75841,,0.00578096,,,
84147,84405,155885,6401,Gl 663A,36    Oph,,17.255836,-26.602829,5.9333,-473.69,-1143.93,0.9,4.33,5.464,K2:III:,0.855,-1.027046,-5.204798,-2.656955,-0.00001067,0.00001628,-0.00002983,4.517567394,-0.464306962,-2.30E-06,-5.55E-06,,36,Oph,1,84147,Gl 663,0.568067574,,,
118021,,,,Gl 34B,,,0.817022,57.817365,5.9527,1097.52,-509.45,10.5,7.51,8.636,K7 V,1.39,3.098396,0.673787,5.03855,0.00001103,0.0000348,0.00000126,0.213895944,1.009103388,5.32E-06,-2.47E-06,,,Cas,2,3814,Gl  34,0.030591446,,,
3814,3821,4614,219,Gl 34A,24Eta Cas,,0.81826,57.815187,5.9531,1087.11,-559.65,8.2,3.46,4.586,G0V SB,0.587,3.098462,0.674227,5.038376,0.00001105,0.00003451,-0.0000015,0.214219876,1.009065377,5.27E-06,-2.71E-06,Eta,24,Cas,1,3814,Gl  34,1.275263706,Eta,3.507,3.457
37659,37766,,,Gl 285,,,7.744493,3.552454,5.9566,-344.87,-450.84,26.8,11.19,12.315,M4.5Ve,1.6,-2.621889,5.336048,0.369099,-0.00000348,0.00002967,-0.00001129,2.027503512,0.062002012,-1.67E-06,-2.19E-06,,,CMi,1,37659,,0.001032761,YZ,11.284,11.084
84220,84478,156026,,Gl 664,,,17.270388,-26.546147,5.9705,-479.71,-1123.37,-0.1,6.33,7.45,K5V,1.144,-1.014027,-5.243915,-2.668326,-0.00001086,0.00001699,-0.00002904,4.52137691,-0.463317662,-2.33E-06,-5.45E-06,,,Oph,1,84220,,0.091201084,V2215,6.35,6.32
83882,84140,155876,,Gl 661A,,,17.202169,45.665974,5.9776,325.96,-1591.73,-30,9.31,10.427,K5,1.485,-0.866144,-4.086415,4.275453,0.00000684,-0.00001326,-0.00005418,4.50351737,0.797021596,1.58E-06,-7.72E-06,,,Her,1,83882,Gl 661,0.0058776,,,
117106,117473,,,Gl 908,,,23.820146,2.401223,5.9776,995.12,-968.25,-71.3,8.98,10.097,M2V,1.46,5.965095,-0.281077,0.250417,-0.00007024,0.00003218,-0.00003109,6.236099684,0.041909249,4.82E-06,-4.69E-06,,,Psc,1,117106,,0.007965261,BR,9.01,8.96
119135,,155886,6402,Gl 663B,36    Oph,,17.255734,-26.603215,5.9852,-492.43,-1127.13,0.5,5.07,6.185,K1 Ve,0.85,-1.036233,-5.250282,-2.680239,-0.00001127,0.00001668,-0.00002947,4.517540538,-0.464313694,-2.39E-06,-5.46E-06,,36,Oph,2,84147,Gl 663,0.292415238,,,
